{"cameraMode":{"drawMode":0,"name":"Shaded","section":"Shading Mode"},"sceneLighting":false,"audioPlay":false,"sceneViewState":{"m_AlwaysRefresh":false,"showFog":true,"showSkybox":false,"showFlares":true,"showImageEffects":true,"showParticleSystems":true,"showVisualEffectGraphs":true,"m_FxEnabled":true},"in2DMode":false,"pivot":{"x":0.08959502726793289,"y":1.3606212139129639,"z":-10.400986671447754},"rotation":{"x":-0.22270755469799043,"y":0.6921307444572449,"z":-0.24010604619979859,"w":-0.6433561444282532},"size":0.3464100658893585,"orthographic":false}