{"cameraMode":{"drawMode":0,"name":"Shaded","section":"Shading Mode"},"sceneLighting":false,"audioPlay":false,"sceneViewState":{"m_AlwaysRefresh":false,"showFog":true,"showSkybox":false,"showFlares":true,"showImageEffects":true,"showParticleSystems":true,"showVisualEffectGraphs":true,"m_FxEnabled":true},"in2DMode":false,"pivot":{"x":0.4669104218482971,"y":0.15030117332935334,"z":-0.03569594770669937},"rotation":{"x":0.11325790733098984,"y":0.7254219651222229,"z":-0.12303191423416138,"w":0.6677234172821045},"size":0.6326732039451599,"orthographic":false}