{"cameraMode":{"drawMode":0,"name":"Shaded","section":"Shading Mode"},"sceneLighting":false,"audioPlay":false,"sceneViewState":{"m_AlwaysRefresh":false,"showFog":false,"showSkybox":false,"showFlares":false,"showImageEffects":false,"showParticleSystems":false,"showVisualEffectGraphs":true,"m_FxEnabled":true},"in2DMode":false,"pivot":{"x":-0.0032975932117551567,"y":0.011842817068099976,"z":-0.0021069003269076349},"rotation":{"x":0.0023353162687271835,"y":-0.9872550368309021,"z":0.012394335120916367,"w":0.15927435457706452},"size":0.005247895140200853,"orthographic":false}