{"cameraMode":{"drawMode":0,"name":"Shaded","section":"Shading Mode"},"sceneLighting":false,"audioPlay":false,"sceneViewState":{"m_AlwaysRefresh":false,"showFog":true,"showSkybox":false,"showFlares":true,"showImageEffects":true,"showParticleSystems":true,"showVisualEffectGraphs":true,"m_FxEnabled":true},"in2DMode":false,"pivot":{"x":-4.0688090324401859,"y":-1.5552860498428345,"z":-0.16404949128627778},"rotation":{"x":0.13413885235786439,"y":-0.6582789421081543,"z":0.1208067312836647,"w":0.7308531403541565},"size":2.3482275009155275,"orthographic":false}