{"cameraMode":{"drawMode":0,"name":"Shaded","section":"Shading Mode"},"sceneLighting":false,"audioPlay":false,"sceneViewState":{"m_AlwaysRefresh":false,"showFog":true,"showSkybox":false,"showFlares":true,"showImageEffects":true,"showParticleSystems":true,"showVisualEffectGraphs":true,"m_FxEnabled":true},"in2DMode":false,"pivot":{"x":0.020781278610229493,"y":1.3156992197036744,"z":-0.7958194613456726},"rotation":{"x":0.000052030889492016286,"y":0.9997822642326355,"z":-0.022807931527495385,"w":0.003301857504993677},"size":0.8141018748283386,"orthographic":false}