{"cameraMode":{"drawMode":0,"name":"Shaded","section":"Shading Mode"},"sceneLighting":true,"audioPlay":false,"sceneViewState":{"m_AlwaysRefresh":false,"showFog":true,"showSkybox":true,"showFlares":true,"showImageEffects":true,"showParticleSystems":true,"showVisualEffectGraphs":true,"m_FxEnabled":true},"in2DMode":false,"pivot":{"x":-3.9455368518829347,"y":1.4839144945144654,"z":0.6857948303222656},"rotation":{"x":-0.13991305232048036,"y":-0.6381427049636841,"z":0.11874175071716309,"w":-0.7480215430259705},"size":0.8660253882408142,"orthographic":false}