{"cameraMode":{"drawMode":0,"name":"Shaded","section":"Shading Mode"},"sceneLighting":false,"audioPlay":false,"sceneViewState":{"m_AlwaysRefresh":false,"showFog":true,"showSkybox":false,"showFlares":true,"showImageEffects":true,"showParticleSystems":true,"showVisualEffectGraphs":true,"m_FxEnabled":true},"in2DMode":false,"pivot":{"x":0.08475836366415024,"y":0.7807444930076599,"z":0.4488731324672699},"rotation":{"x":0.001686390838585794,"y":0.9829760193824768,"z":-0.18375974893569947,"w":0.009148238226771355},"size":0.9062085747718811,"orthographic":false}