{"cameraMode":{"drawMode":0,"name":"Shaded","section":"Shading Mode"},"sceneLighting":false,"audioPlay":false,"sceneViewState":{"m_AlwaysRefresh":false,"showFog":true,"showSkybox":false,"showFlares":true,"showImageEffects":true,"showParticleSystems":true,"showVisualEffectGraphs":true,"m_FxEnabled":true},"in2DMode":false,"pivot":{"x":1.7454557418823243,"y":0.8557442426681519,"z":0.007777325343340635},"rotation":{"x":-0.15058112144470216,"y":0.6841543912887573,"z":-0.14755263924598695,"w":-0.6982528567314148},"size":1.2247449159622193,"orthographic":false}