{"cameraMode":{"drawMode":0,"name":"Shaded","section":"Shading Mode"},"sceneLighting":false,"audioPlay":false,"sceneViewState":{"m_AlwaysRefresh":false,"showFog":true,"showSkybox":false,"showFlares":true,"showImageEffects":true,"showParticleSystems":true,"showVisualEffectGraphs":true,"m_FxEnabled":true},"in2DMode":false,"pivot":{"x":0.07710167020559311,"y":0.7720365524291992,"z":0.1033332571387291},"rotation":{"x":0.006321341264992952,"y":0.9916319251060486,"z":-0.11777111142873764,"w":0.053605880588293079},"size":0.8999171257019043,"orthographic":false}