{"cameraMode":{"drawMode":0,"name":"Shaded","section":"Shading Mode"},"sceneLighting":false,"audioPlay":false,"sceneViewState":{"m_AlwaysRefresh":false,"showFog":true,"showSkybox":false,"showFlares":true,"showImageEffects":true,"showParticleSystems":true,"showVisualEffectGraphs":true,"m_FxEnabled":true},"in2DMode":false,"pivot":{"x":0.17201629281044007,"y":1.3085532188415528,"z":-0.686186671257019},"rotation":{"x":-0.0002446389407850802,"y":0.9997998476028442,"z":0.012288462370634079,"w":0.018899209797382356},"size":0.8850708603858948,"orthographic":false}